ratio,exe_time
0.9,125.85199928283691,126.43714022636414,125.87544560432434,127.46709322929382,127.35687708854675
