ratio,avg_exe,e1,e2,e3,e4,e5
0.95,13.119420607884726,12.956182479858398,13.084274768829346,13.096438884735107,13.177548170089722,13.195202827453613
